<?xml version="1.0" encoding="UTF-8"?>
<project-private xmlns="http://www.netbeans.org/ns/project-private/1">
    <editor-bookmarks xmlns="http://www.netbeans.org/ns/editor-bookmarks/2" lastBookmarkId="0"/>
    <open-files xmlns="http://www.netbeans.org/ns/projectui-open-files/2">
        <group>
            <file>file:/C:/Users/HP/Documents/NetBeansProjects/project_EDMS/web/removestudent.jsp</file>
            <file>file:/C:/Users/HP/Documents/NetBeansProjects/project_EDMS/web/logout.jsp</file>
            <file>file:/C:/Users/HP/Documents/NetBeansProjects/project_EDMS/web/fee_1.jsp</file>
            <file>file:/C:/Users/HP/Documents/NetBeansProjects/project_EDMS/web/enrol_1.jsp</file>
            <file>file:/C:/Users/HP/Documents/NetBeansProjects/project_EDMS/web/home.jsp</file>
            <file>file:/C:/Users/HP/Documents/NetBeansProjects/project_EDMS/web/modifystudent_1.jsp</file>
            <file>file:/C:/Users/HP/Documents/NetBeansProjects/project_EDMS/web/Logout_1.jsp</file>
            <file>file:/C:/Users/HP/Documents/NetBeansProjects/project_EDMS/web/DisplayMessages_1.jsp</file>
            <file>file:/C:/Users/HP/Documents/NetBeansProjects/project_EDMS/web/addcourse.jsp</file>
            <file>file:/C:/Users/HP/Documents/NetBeansProjects/project_EDMS/web/modifycourse_1.jsp</file>
            <file>file:/C:/Users/HP/Documents/NetBeansProjects/project_EDMS/web/addstudent_1.jsp</file>
            <file>file:/C:/Users/HP/Documents/NetBeansProjects/project_EDMS/web/addstudent.jsp</file>
            <file>file:/C:/Users/HP/Documents/NetBeansProjects/project_EDMS/web/deletecourse_1.jsp</file>
            <file>file:/C:/Users/HP/Documents/NetBeansProjects/project_EDMS/web/enrol.jsp</file>
            <file>file:/C:/Users/HP/Documents/NetBeansProjects/project_EDMS/web/removestudent_1.jsp</file>
            <file>file:/C:/Users/HP/Documents/NetBeansProjects/project_EDMS/web/profile.jsp</file>
            <file>file:/C:/Users/HP/Documents/NetBeansProjects/project_EDMS/web/deletestudent_1.jsp</file>
            <file>file:/C:/Users/HP/Documents/NetBeansProjects/project_EDMS/web/deletestudent.jsp</file>
            <file>file:/C:/Users/HP/Documents/NetBeansProjects/project_EDMS/web/fee_2.jsp</file>
            <file>file:/C:/Users/HP/Documents/NetBeansProjects/project_EDMS/web/enrol_2.jsp</file>
            <file>file:/C:/Users/HP/Documents/NetBeansProjects/project_EDMS/web/viewallcourse_1.jsp</file>
            <file>file:/C:/Users/HP/Documents/NetBeansProjects/project_EDMS/web/modifycourse.jsp</file>
            <file>file:/C:/Users/HP/Documents/NetBeansProjects/project_EDMS/web/fee.jsp</file>
            <file>file:/C:/Users/HP/Documents/NetBeansProjects/project_EDMS/web/LoginForm_1.jsp</file>
            <file>file:/C:/Users/HP/Documents/NetBeansProjects/project_EDMS/web/fee_2_1.jsp</file>
            <file>file:/C:/Users/HP/Documents/NetBeansProjects/project_EDMS/web/addcourse_1.jsp</file>
            <file>file:/C:/Users/HP/Documents/NetBeansProjects/project_EDMS/web/DisplayMessages.jsp</file>
            <file>file:/C:/Users/HP/Documents/NetBeansProjects/project_EDMS/web/deletecourse.jsp</file>
            <file>file:/C:/Users/HP/Documents/NetBeansProjects/project_EDMS/web/fee_3.jsp</file>
        </group>
    </open-files>
</project-private>
